attempt,nodes,edges,n,distance,local_searcher-local_nodes,local_searcher-remote_nodes,remote_searcher-local_nodes,remote_searcher-remote_nodes,local_searcher-local_nodes-transitive,local_searcher-remote_nodes-transitive,remote_searcher-local_nodes-transitive,remote_searcher-remote_nodes-transitive
0,100,200,4,5,591,17721,2638,6806,1535,115709,1579,78935
0,100,200,8,5,591,17721,2638,6806,399,15312,999,17320
0,100,200,12,5,591,17721,2638,6806,210,13002,946,17181
0,100,200,16,5,591,17721,2638,6806,252,15686,943,16936
1,100,200,4,2,35,2376,725,1756,39,4343,660,5039
1,100,200,8,2,35,2376,725,1756,290,11706,576,16479
1,100,200,12,2,35,2376,725,1756,212,21509,756,16836
1,100,200,16,2,35,2376,725,1756,176,16447,652,13397
2,100,200,4,5,155,17478,781,8338,810,177082,915,153471
2,100,200,8,5,155,17478,781,8338,155,13276,664,12930
2,100,200,12,5,155,17478,781,8338,199,15655,724,15039
2,100,200,16,5,155,17478,781,8338,101,14874,550,15303
3,100,200,4,-1,8,408,977,590,55,803,460,677
3,100,200,8,-1,8,408,977,590,20,836,648,884
3,100,200,12,-1,8,408,977,590,25,759,764,754
3,100,200,16,-1,8,408,977,590,34,747,599,703
4,100,200,4,5,100,15921,760,8542,977,164941,823,134573
4,100,200,8,5,100,15921,760,8542,265,13728,716,12741
4,100,200,12,5,100,15921,760,8542,94,15527,812,13696
4,100,200,16,5,100,15921,760,8542,142,14290,588,14022
5,100,200,4,-1,19,440,786,954,12,686,654,925
5,100,200,8,-1,19,440,786,954,19,785,718,868
5,100,200,12,-1,19,440,786,954,13,807,568,835
5,100,200,16,-1,19,440,786,954,13,645,880,767
6,100,200,4,-1,10,378,442,504,11,396,392,474
6,100,200,8,-1,10,378,442,504,39,795,558,725
6,100,200,12,-1,10,378,442,504,20,497,552,769
6,100,200,16,-1,10,378,442,504,19,985,732,967
7,100,200,4,-1,14,396,436,545,15,594,465,698
7,100,200,8,-1,14,396,436,545,17,680,542,808
7,100,200,12,-1,14,396,436,545,18,654,566,971
7,100,200,16,-1,14,396,436,545,18,761,515,812
8,100,200,4,-1,15,394,561,730,15,997,748,783
8,100,200,8,-1,15,394,561,730,17,1001,775,851
8,100,200,12,-1,15,394,561,730,16,947,755,803
8,100,200,16,-1,15,394,561,730,17,843,547,734
9,100,200,4,7,132,23354,612,12838,665,132142,1352,137479
9,100,200,8,7,132,23354,612,12838,93,14259,1238,12563
9,100,200,12,7,132,23354,612,12838,113,16485,851,17036
9,100,200,16,7,132,23354,612,12838,254,14270,806,15822
10,100,200,4,-1,37,731,615,1057,19,620,618,689
10,100,200,8,-1,37,731,615,1057,18,748,740,687
10,100,200,12,-1,37,731,615,1057,14,690,533,872
10,100,200,16,-1,37,731,615,1057,16,732,462,1032
11,100,200,4,5,79,9224,752,6949,465,98550,743,77957
11,100,200,8,5,79,9224,752,6949,109,13555,750,12907
11,100,200,12,5,79,9224,752,6949,88,12358,406,14625
11,100,200,16,5,79,9224,752,6949,128,14284,579,15892
12,100,200,4,5,294,9794,604,6531,5766,110845,823,75943
12,100,200,8,5,294,9794,604,6531,123,15318,428,12124
12,100,200,12,5,294,9794,604,6531,177,16587,464,13378
12,100,200,16,5,294,9794,604,6531,63,13480,482,11154
13,100,200,4,7,55,17274,1154,8651,337,81726,867,74577
13,100,200,8,7,55,17274,1154,8651,66,10008,501,12853
13,100,200,12,7,55,17274,1154,8651,50,14909,660,15742
13,100,200,16,7,55,17274,1154,8651,77,15969,607,15882
14,100,200,4,-1,178,18019,488,13577,747,209528,1047,190981
14,100,200,8,-1,178,18019,488,13577,2561,715508,2990,796110
14,100,200,12,-1,178,18019,488,13577,2889,847667,2085,837600
14,100,200,16,-1,178,18019,488,13577,2500,831064,2375,771677
15,100,200,4,5,20,3804,493,17024,198,47785,571,50275
15,100,200,8,5,20,3804,493,17024,61,11902,454,15317
15,100,200,12,5,20,3804,493,17024,131,17387,598,16734
15,100,200,16,5,20,3804,493,17024,50,14165,445,14306
16,100,200,4,3,20,2868,365,4175,45,8271,496,7340
16,100,200,8,3,20,2868,365,4175,70,12821,429,12590
16,100,200,12,3,20,2868,365,4175,49,13412,530,16430
16,100,200,16,3,20,2868,365,4175,67,12572,601,14863
17,100,200,4,3,41,5236,464,3392,33,6031,339,5860
17,100,200,8,3,41,5236,464,3392,81,12694,520,16154
17,100,200,12,3,41,5236,464,3392,60,12971,570,15058
17,100,200,16,3,41,5236,464,3392,49,13629,408,13408
18,100,200,4,5,91,10839,737,6918,373,104574,766,112276
18,100,200,8,5,91,10839,737,6918,75,15285,562,13364
18,100,200,12,5,91,10839,737,6918,94,17372,432,13830
18,100,200,16,5,91,10839,737,6918,68,14258,426,16159
19,100,200,4,8,56,11653,484,11843,146,35128,551,31340
19,100,200,8,8,56,11653,484,11843,64,10685,535,8736
19,100,200,12,8,56,11653,484,11843,50,13176,472,12754
19,100,200,16,8,56,11653,484,11843,48,12911,526,13099
20,100,200,4,8,62,18126,551,11054,126,37277,454,36965
20,100,200,8,8,62,18126,551,11054,73,10814,511,9907
20,100,200,12,8,62,18126,551,11054,62,13400,517,12759
20,100,200,16,8,62,18126,551,11054,73,12678,347,13749
21,100,200,4,-1,7,352,327,442,6,572,277,522
21,100,200,8,-1,7,352,327,442,6,688,288,682
21,100,200,12,-1,7,352,327,442,6,617,390,704
21,100,200,16,-1,7,352,327,442,5,634,262,535
22,100,200,4,-1,99,15866,577,18409,632,236273,853,183999
22,100,200,8,-1,99,15866,577,18409,3718,706344,1762,652887
22,100,200,12,-1,99,15866,577,18409,2321,777262,1985,765611
22,100,200,16,-1,99,15866,577,18409,2065,780522,1923,769592
23,100,200,4,1,8,671,530,922,16,5994,433,5329
23,100,200,8,1,8,671,530,922,43,14181,458,13339
23,100,200,12,1,8,671,530,922,45,11667,766,13014
23,100,200,16,1,8,671,530,922,51,13001,554,14765
24,100,200,4,4,39,4607,438,3821,12,2759,400,3775
24,100,200,8,4,39,4607,438,3821,37,13324,450,11245
24,100,200,12,4,39,4607,438,3821,67,11214,459,14410
24,100,200,16,4,39,4607,438,3821,51,16747,558,13822
25,100,200,4,4,115,8530,384,5087,24,5538,410,7553
25,100,200,8,4,115,8530,384,5087,52,12977,530,10661
25,100,200,12,4,115,8530,384,5087,55,13105,462,12417
25,100,200,16,4,115,8530,384,5087,66,11650,521,14331
26,100,200,4,3,41,3324,501,4241,50,5919,475,7201
26,100,200,8,3,41,3324,501,4241,71,12272,497,13708
26,100,200,12,3,41,3324,501,4241,54,12598,450,12278
26,100,200,16,3,41,3324,501,4241,36,12164,628,17447
27,100,200,4,8,56,17852,536,16265,207,85384,792,73777
27,100,200,8,8,56,17852,536,16265,94,13504,581,15603
27,100,200,12,8,56,17852,536,16265,41,12216,482,12754
27,100,200,16,8,56,17852,536,16265,77,12372,362,12474
28,100,200,4,2,9,1207,524,1099,22,4404,489,2814
28,100,200,8,2,9,1207,524,1099,50,10640,483,11245
28,100,200,12,2,9,1207,524,1099,72,15020,374,25641
28,100,200,16,2,9,1207,524,1099,37,16720,575,15406
29,100,200,4,4,160,3839,377,2975,9,2162,325,2444
29,100,200,8,4,160,3839,377,2975,33,10062,396,11083
29,100,200,12,4,160,3839,377,2975,38,14753,448,12200
29,100,200,16,4,160,3839,377,2975,49,14546,430,16127
30,100,200,4,-1,161,16340,446,14085,440,205838,1065,195991
30,100,200,8,-1,161,16340,446,14085,1524,684056,2316,687336
30,100,200,12,-1,161,16340,446,14085,2092,753869,8436,749534
30,100,200,16,-1,161,16340,446,14085,2351,834672,2337,753219
31,100,200,4,0,3,1,591,399,20,6619,493,5243
31,100,200,8,0,3,1,591,399,112,12591,492,13334
31,100,200,12,0,3,1,591,399,41,12155,559,12033
31,100,200,16,0,3,1,591,399,36,16249,566,16464
32,100,200,4,-1,7,398,537,1213,3,533,520,853
32,100,200,8,-1,7,398,537,1213,2,311,499,761
32,100,200,12,-1,7,398,537,1213,4,798,613,849
32,100,200,16,-1,7,398,537,1213,3,434,609,946
33,100,200,4,3,39,3719,478,3142,16,5656,654,5273
33,100,200,8,3,39,3719,478,3142,100,12440,641,13293
33,100,200,12,3,39,3719,478,3142,79,14352,628,13336
33,100,200,16,3,39,3719,478,3142,59,13844,557,12825
34,100,200,4,6,70,9247,496,9054,159,63810,653,72285
34,100,200,8,6,70,9247,496,9054,81,15069,590,14306
34,100,200,12,6,70,9247,496,9054,41,17793,442,12628
34,100,200,16,6,70,9247,496,9054,36,12441,595,13679
35,100,200,4,-1,8,381,601,684,17,451,462,1091
35,100,200,8,-1,8,381,601,684,21,612,368,671
35,100,200,12,-1,8,381,601,684,3,682,380,644
35,100,200,16,-1,8,381,601,684,22,452,392,631
36,100,200,4,6,75,11220,336,8754,233,105105,610,88401
36,100,200,8,6,75,11220,336,8754,34,14486,460,12423
36,100,200,12,6,75,11220,336,8754,53,11097,425,15081
36,100,200,16,6,75,11220,336,8754,69,14362,473,13825
37,100,200,4,6,85,10514,404,8099,239,96404,620,95333
37,100,200,8,6,85,10514,404,8099,57,13613,404,10975
37,100,200,12,6,85,10514,404,8099,51,14505,664,13437
37,100,200,16,6,85,10514,404,8099,55,14685,497,14451
38,100,200,4,6,61,8831,428,10198,221,77487,688,72130
38,100,200,8,6,61,8831,428,10198,35,14707,471,14234
38,100,200,12,6,61,8831,428,10198,64,25896,669,16591
38,100,200,16,6,61,8831,428,10198,53,13979,460,15842
39,100,200,4,7,95,11782,531,11714,179,73693,659,74288
39,100,200,8,7,95,11782,531,11714,73,11129,467,16064
39,100,200,12,7,95,11782,531,11714,35,12070,461,12404
39,100,200,16,7,95,11782,531,11714,66,11740,542,13544
0,100,250,4,3,98,7264,2793,3274,493,10838,1711,5424
0,100,250,8,3,98,7264,2793,3274,879,22090,1091,22487
0,100,250,12,3,98,7264,2793,3274,362,16000,1165,16911
0,100,250,16,3,98,7264,2793,3274,459,23916,1194,17117
1,100,250,4,-1,31,948,1244,1132,21,1705,680,1701
1,100,250,8,-1,31,948,1244,1132,109,1693,657,1245
1,100,250,12,-1,31,948,1244,1132,65,1546,615,1453
1,100,250,16,-1,31,948,1244,1132,27,1473,556,1342
2,100,250,4,5,92,11424,692,7551,1490,164552,1359,152316
2,100,250,8,5,92,11424,692,7551,234,15748,641,18549
2,100,250,12,5,92,11424,692,7551,133,17373,787,18396
2,100,250,16,5,92,11424,692,7551,141,20329,600,17547
3,100,250,4,2,15,2796,773,2170,162,9751,722,8561
3,100,250,8,2,15,2796,773,2170,193,19496,811,16161
3,100,250,12,2,15,2796,773,2170,233,15857,658,17824
3,100,250,16,2,15,2796,773,2170,248,19680,853,33876
4,100,250,4,5,108,13234,606,8588,1291,166126,1014,154988
4,100,250,8,5,108,13234,606,8588,273,21229,691,18718
4,100,250,12,5,108,13234,606,8588,173,19881,549,17014
4,100,250,16,5,108,13234,606,8588,200,19497,822,22290
5,100,250,4,5,118,17444,1309,14186,2447,250216,1214,237577
5,100,250,8,5,118,17444,1309,14186,280,16323,882,15770
5,100,250,12,5,118,17444,1309,14186,357,20487,725,17035
5,100,250,16,5,118,17444,1309,14186,171,18777,877,22465
6,100,250,4,2,29,3352,600,2682,49,6636,788,7951
6,100,250,8,2,29,3352,600,2682,89,18850,496,15304
6,100,250,12,2,29,3352,600,2682,124,18820,488,15107
6,100,250,16,2,29,3352,600,2682,118,16911,669,16024
7,100,250,4,7,165,23028,637,14406,1128,203517,1178,181768
7,100,250,8,7,165,23028,637,14406,99,14305,745,18221
7,100,250,12,7,165,23028,637,14406,85,16991,441,16751
7,100,250,16,7,165,23028,637,14406,122,18463,491,16237
8,100,250,4,-1,11,457,464,832,12,598,331,758
8,100,250,8,-1,11,457,464,832,10,784,387,685
8,100,250,12,-1,11,457,464,832,24,525,429,498
8,100,250,16,-1,11,457,464,832,11,439,457,453
9,100,250,4,3,55,4615,412,3009,50,6048,531,8134
9,100,250,8,3,55,4615,412,3009,142,17056,647,16417
9,100,250,12,3,55,4615,412,3009,113,18540,598,14841
9,100,250,16,3,55,4615,412,3009,96,18041,554,19920
10,100,250,4,5,60,11127,484,6051,1018,175724,894,153581
10,100,250,8,5,60,11127,484,6051,86,15444,598,13649
10,100,250,12,5,60,11127,484,6051,100,16614,444,12954
10,100,250,16,5,60,11127,484,6051,100,14959,828,14727
11,100,250,4,5,97,14180,417,10754,1191,210514,1116,204024
11,100,250,8,5,97,14180,417,10754,145,14122,584,14811
11,100,250,12,5,97,14180,417,10754,175,18766,415,14689
11,100,250,16,5,97,14180,417,10754,88,17998,545,30811
12,100,250,4,1,21,631,693,1133,66,7331,391,8318
12,100,250,8,1,21,631,693,1133,124,18003,632,18633
12,100,250,12,1,21,631,693,1133,71,17767,552,17805
12,100,250,16,1,21,631,693,1133,87,19185,448,17610
13,100,250,4,4,19,4200,653,2677,51,2930,669,4316
13,100,250,8,4,19,4200,653,2677,126,13107,410,14921
13,100,250,12,4,19,4200,653,2677,86,13879,454,15805
13,100,250,16,4,19,4200,653,2677,128,16828,578,14439
14,100,250,4,2,11,1349,474,2092,125,5905,558,6312
14,100,250,8,2,11,1349,474,2092,69,16767,539,15978
14,100,250,12,2,11,1349,474,2092,87,17100,455,13442
14,100,250,16,2,11,1349,474,2092,85,16838,410,18173
15,100,250,4,3,38,4358,559,3444,29,6103,454,6351
15,100,250,8,3,38,4358,559,3444,86,17952,575,13714
15,100,250,12,3,38,4358,559,3444,54,20589,576,15381
15,100,250,16,3,38,4358,559,3444,138,15836,550,13680
16,100,250,4,4,39,5018,456,2329,16,2546,447,2588
16,100,250,8,4,39,5018,456,2329,120,16084,472,15338
16,100,250,12,4,39,5018,456,2329,78,15767,460,17563
16,100,250,16,4,39,5018,456,2329,59,15527,422,16757
17,100,250,4,6,68,15773,574,10318,680,144680,952,139859
17,100,250,8,6,68,15773,574,10318,52,14766,570,14835
17,100,250,12,6,68,15773,574,10318,75,16082,515,29258
17,100,250,16,6,68,15773,574,10318,110,17440,588,16135
18,100,250,4,4,38,7286,802,4348,26,4831,417,4581
18,100,250,8,4,38,7286,802,4348,61,16416,380,13153
18,100,250,12,4,38,7286,802,4348,133,17030,373,14461
18,100,250,16,4,38,7286,802,4348,158,16096,497,16284
19,100,250,4,-1,187,20432,494,15884,1190,338682,1460,312334
19,100,250,8,-1,187,20432,494,15884,3410,1089947,2878,1013951
19,100,250,12,-1,187,20432,494,15884,3816,1104419,3329,1099905
19,100,250,16,-1,187,20432,494,15884,4805,1121448,2852,1078651
20,100,250,4,6,82,17026,553,12766,479,203531,839,163804
20,100,250,8,6,82,17026,553,12766,70,16814,709,16230
20,100,250,12,6,82,17026,553,12766,53,16623,479,13598
20,100,250,16,6,82,17026,553,12766,41,15109,475,14319
21,100,250,4,1,8,569,457,586,20,7884,436,6115
21,100,250,8,1,8,569,457,586,40,14373,599,13147
21,100,250,12,1,8,569,457,586,56,13836,487,14299
21,100,250,16,1,8,569,457,586,82,14037,481,15455
22,100,250,4,-1,212,22230,544,16897,891,335062,1476,351791
22,100,250,8,-1,212,22230,544,16897,3114,1048212,2958,1081200
22,100,250,12,-1,212,22230,544,16897,2908,1057611,3065,1066474
22,100,250,16,-1,212,22230,544,16897,3037,1084691,2471,1008486
23,100,250,4,4,53,8471,514,7657,22,6487,542,5665
23,100,250,8,4,53,8471,514,7657,57,16500,736,15899
23,100,250,12,4,53,8471,514,7657,55,15385,411,13625
23,100,250,16,4,53,8471,514,7657,40,18024,394,14551
24,100,250,4,3,20,3335,383,3782,21,5318,387,8683
24,100,250,8,3,20,3335,383,3782,72,17181,605,18717
24,100,250,12,3,20,3335,383,3782,41,14332,665,16784
24,100,250,16,3,20,3335,383,3782,92,15437,614,19050
25,100,250,4,3,30,3470,460,4007,21,5416,514,6655
25,100,250,8,3,30,3470,460,4007,40,17728,400,15449
25,100,250,12,3,30,3470,460,4007,87,14914,492,16261
25,100,250,16,3,30,3470,460,4007,56,16159,709,15393
26,100,250,4,-1,106,18519,440,16377,978,359873,1380,320695
26,100,250,8,-1,106,18519,440,16377,2637,1213010,3055,1075413
26,100,250,12,-1,106,18519,440,16377,2799,1097868,3196,1101689
26,100,250,16,-1,106,18519,440,16377,3280,1079673,2831,1093677
27,100,250,4,5,121,15681,526,10039,1020,226132,1284,231666
27,100,250,8,5,121,15681,526,10039,58,15145,422,13672
27,100,250,12,5,121,15681,526,10039,56,15046,504,14397
27,100,250,16,5,121,15681,526,10039,76,17019,379,20450
28,100,250,4,-1,8,336,572,743,2,458,362,538
28,100,250,8,-1,8,336,572,743,2,642,554,684
28,100,250,12,-1,8,336,572,743,3,351,485,410
28,100,250,16,-1,8,336,572,743,4,369,437,362
29,100,250,4,-1,6,438,341,443,3,599,256,682
29,100,250,8,-1,6,438,341,443,4,1485,310,968
29,100,250,12,-1,6,438,341,443,4,1454,391,1093
29,100,250,16,-1,6,438,341,443,4,1417,276,761
30,100,250,4,7,80,17520,378,12422,521,226998,1089,214046
30,100,250,8,7,80,17520,378,12422,57,17321,411,13515
30,100,250,12,7,80,17520,378,12422,58,17016,518,15998
30,100,250,16,7,80,17520,378,12422,42,15236,507,15645
31,100,250,4,2,12,1966,507,1906,29,8183,419,9201
31,100,250,8,2,12,1966,507,1906,80,13175,391,15399
31,100,250,12,2,12,1966,507,1906,86,13207,433,16513
31,100,250,16,2,12,1966,507,1906,45,15373,453,15511
32,100,250,4,6,54,15079,382,11361,471,167318,830,180797
32,100,250,8,6,54,15079,382,11361,46,15417,584,16285
32,100,250,12,6,54,15079,382,11361,57,18622,509,13331
32,100,250,16,6,54,15079,382,11361,41,14951,515,14006
33,100,250,4,5,94,12204,694,11292,1494,243316,1400,269042
33,100,250,8,5,94,12204,694,11292,54,16571,427,13354
33,100,250,12,5,94,12204,694,11292,43,17791,406,12597
33,100,250,16,5,94,12204,694,11292,68,17150,481,16341
34,100,250,4,6,96,20880,418,11132,675,277728,1398,259882
34,100,250,8,6,96,20880,418,11132,91,19525,535,21825
34,100,250,12,6,96,20880,418,11132,69,11967,341,29011
34,100,250,16,6,96,20880,418,11132,102,15692,442,13953
35,100,250,4,3,25,3011,417,3469,37,5574,476,5377
35,100,250,8,3,25,3011,417,3469,43,15379,571,12803
35,100,250,12,3,25,3011,417,3469,57,15768,457,14302
35,100,250,16,3,25,3011,417,3469,44,12839,396,18955
36,100,250,4,5,62,12288,442,12919,490,190558,1056,190444
36,100,250,8,5,62,12288,442,12919,40,15284,575,14493
36,100,250,12,5,62,12288,442,12919,59,16185,450,13607
36,100,250,16,5,62,12288,442,12919,61,12873,748,15816
37,100,250,4,-1,106,18175,399,16380,922,343094,1598,333154
37,100,250,8,-1,106,18175,399,16380,3024,1070380,2884,1055371
37,100,250,12,-1,106,18175,399,16380,2851,1068024,2559,1079301
37,100,250,16,-1,106,18175,399,16380,2652,1102978,3301,1104055
38,100,250,4,-1,9,650,733,1227,3,690,437,839
38,100,250,8,-1,9,650,733,1227,2,439,643,914
38,100,250,12,-1,9,650,733,1227,2,659,504,545
38,100,250,16,-1,9,650,733,1227,6,416,592,510
39,100,250,4,-1,127,20966,410,13744,835,363088,1564,366588
39,100,250,8,-1,127,20966,410,13744,2427,1115664,2668,1122673
39,100,250,12,-1,127,20966,410,13744,2773,1029394,2839,1046455
39,100,250,16,-1,127,20966,410,13744,2901,1021625,2556,1069889
0,100,300,4,5,246,22307,2685,8902,3416,309863,2001,221371
0,100,300,8,5,246,22307,2685,8902,288,16968,1057,17610
0,100,300,12,5,246,22307,2685,8902,301,17437,834,15818
0,100,300,16,5,246,22307,2685,8902,292,19598,826,17053
1,100,300,4,3,59,8649,710,5138,81,11643,968,15893
1,100,300,8,3,59,8649,710,5138,209,19320,678,18553
1,100,300,12,3,59,8649,710,5138,285,24629,1071,17730
1,100,300,16,3,59,8649,710,5138,233,18474,1073,19059
2,100,300,4,5,103,22026,785,12670,2477,426175,2039,320776
2,100,300,8,5,103,22026,785,12670,315,17494,1140,15151
2,100,300,12,5,103,22026,785,12670,319,19988,717,17495
2,100,300,16,5,103,22026,785,12670,338,22743,971,24693
3,100,300,4,-1,37,344,783,844,105,767,755,1212
3,100,300,8,-1,37,344,783,844,42,816,1314,909
3,100,300,12,-1,37,344,783,844,16,752,750,937
3,100,300,16,-1,37,344,783,844,198,914,1199,1180
4,100,300,4,2,31,1925,887,2793,99,11797,946,10201
4,100,300,8,2,31,1925,887,2793,167,23051,816,23648
4,100,300,12,2,31,1925,887,2793,148,17490,758,20079
4,100,300,16,2,31,1925,887,2793,149,17819,710,15345
5,100,300,4,4,140,10532,483,6604,70,7360,686,26298
5,100,300,8,4,140,10532,483,6604,138,24874,740,28101
5,100,300,12,4,140,10532,483,6604,179,23223,979,30104
5,100,300,16,4,140,10532,483,6604,641,25020,900,23186
6,100,300,4,5,143,13396,638,9015,1466,245787,1318,235562
6,100,300,8,5,143,13396,638,9015,352,22709,750,24560
6,100,300,12,5,143,13396,638,9015,159,26266,818,22084
6,100,300,16,5,143,13396,638,9015,159,21537,649,23074
7,100,300,4,5,179,17806,775,11908,1767,379586,1637,311001
7,100,300,8,5,179,17806,775,11908,122,18778,644,19114
7,100,300,12,5,179,17806,775,11908,106,19066,1004,22062
7,100,300,16,5,179,17806,775,11908,178,20421,517,14565
8,100,300,4,5,84,12591,498,7616,1458,314406,1772,316392
8,100,300,8,5,84,12591,498,7616,124,22125,562,16527
8,100,300,12,5,84,12591,498,7616,203,16491,436,16314
8,100,300,16,5,84,12591,498,7616,167,17176,569,17520
9,100,300,4,3,20,5158,755,3048,36,5271,750,4574
9,100,300,8,3,20,5158,755,3048,110,22208,565,21313
9,100,300,12,3,20,5158,755,3048,240,17589,490,19269
9,100,300,16,3,20,5158,755,3048,237,16518,424,17896
10,100,300,4,2,18,1821,401,1062,55,4526,672,8673
10,100,300,8,2,18,1821,401,1062,112,24538,697,23196
10,100,300,12,2,18,1821,401,1062,148,25540,762,25321
10,100,300,16,2,18,1821,401,1062,185,22682,875,21706
11,100,300,4,-1,143,23918,554,18065,3728,564843,2040,490012
11,100,300,8,-1,143,23918,554,18065,7679,1391001,3847,1335466
11,100,300,12,-1,143,23918,554,18065,6038,1438469,4129,1410922
11,100,300,16,-1,143,23918,554,18065,4045,1367516,3657,1306403
12,100,300,4,7,97,22119,504,14006,408,133018,886,101467
12,100,300,8,7,97,22119,504,14006,83,14352,559,14730
12,100,300,12,7,97,22119,504,14006,67,21644,590,20897
12,100,300,16,7,97,22119,504,14006,88,21016,585,18781
13,100,300,4,1,7,609,451,354,46,6535,540,9785
13,100,300,8,1,7,609,451,354,54,19762,476,15497
13,100,300,12,1,7,609,451,354,62,25017,483,24598
13,100,300,16,1,7,609,451,354,100,17569,538,18008
14,100,300,4,1,8,665,565,986,49,14388,586,12819
14,100,300,8,1,8,665,565,986,67,21531,676,20847
14,100,300,12,1,8,665,565,986,65,20668,708,20835
14,100,300,16,1,8,665,565,986,91,23281,548,17551
15,100,300,4,-1,8,430,510,773,8,703,544,695
15,100,300,8,-1,8,430,510,773,7,521,679,540
15,100,300,12,-1,8,430,510,773,8,622,584,714
15,100,300,16,-1,8,430,510,773,10,866,392,783
16,100,300,4,5,70,14968,514,12734,2141,362649,1611,326347
16,100,300,8,5,70,14968,514,12734,57,17976,434,19065
16,100,300,12,5,70,14968,514,12734,72,18691,387,17246
16,100,300,16,5,70,14968,514,12734,90,21085,535,17523
17,100,300,4,3,23,4444,450,6154,37,9850,539,10097
17,100,300,8,3,23,4444,450,6154,70,17692,455,19639
17,100,300,12,3,23,4444,450,6154,51,31726,428,14909
17,100,300,16,3,23,4444,450,6154,74,17912,596,27346
18,100,300,4,3,45,8223,639,7190,215,15436,695,11968
18,100,300,8,3,45,8223,639,7190,72,20710,593,20407
18,100,300,12,3,45,8223,639,7190,79,15712,656,18505
18,100,300,16,3,45,8223,639,7190,90,18703,584,20601
19,100,300,4,5,81,16595,442,11250,1772,362815,1658,392328
19,100,300,8,5,81,16595,442,11250,122,14110,425,15232
19,100,300,12,5,81,16595,442,11250,65,17897,506,15831
19,100,300,16,5,81,16595,442,11250,68,20400,859,15347
20,100,300,4,5,104,11731,445,8074,654,227240,1071,229621
20,100,300,8,5,104,11731,445,8074,81,18045,573,14741
20,100,300,12,5,104,11731,445,8074,64,17983,988,14093
20,100,300,16,5,104,11731,445,8074,156,16983,653,18586
21,100,300,4,3,20,5204,423,3668,29,6619,553,7978
21,100,300,8,3,20,5204,423,3668,79,15289,645,18983
21,100,300,12,3,20,5204,423,3668,86,14099,546,15404
21,100,300,16,3,20,5204,423,3668,47,17613,538,14037
22,100,300,4,3,27,8641,483,3729,28,5874,506,8230
22,100,300,8,3,27,8641,483,3729,46,14685,732,15032
22,100,300,12,3,27,8641,483,3729,140,18988,541,14256
22,100,300,16,3,27,8641,483,3729,85,17586,664,19528
23,100,300,4,4,16,4377,518,2590,10,2929,576,5639
23,100,300,8,4,16,4377,518,2590,59,15617,526,15842
23,100,300,12,4,16,4377,518,2590,52,14167,561,16566
23,100,300,16,4,16,4377,518,2590,47,17476,469,16653
24,100,300,4,3,83,7380,376,6341,37,10620,407,16817
24,100,300,8,3,83,7380,376,6341,60,18368,478,21462
24,100,300,12,3,83,7380,376,6341,82,15425,470,19223
24,100,300,16,3,83,7380,376,6341,66,16386,527,16345
25,100,300,4,4,23,5330,557,3338,15,5069,418,3557
25,100,300,8,4,23,5330,557,3338,75,18038,449,19202
25,100,300,12,4,23,5330,557,3338,63,18091,488,14496
25,100,300,16,4,23,5330,557,3338,61,30800,480,18417
26,100,300,4,4,86,10851,377,10867,34,9467,509,10795
26,100,300,8,4,86,10851,377,10867,48,15450,444,17600
26,100,300,12,4,86,10851,377,10867,52,16387,495,16849
26,100,300,16,4,86,10851,377,10867,47,20205,506,18463
27,100,300,4,5,81,15033,483,15836,1163,445933,1888,511393
27,100,300,8,5,81,15033,483,15836,48,19415,515,19096
27,100,300,12,5,81,15033,483,15836,63,21235,582,21206
27,100,300,16,5,81,15033,483,15836,67,23775,938,23567
28,100,300,4,5,104,16505,869,13611,1869,479127,1391,324575
28,100,300,8,5,104,16505,869,13611,69,15611,489,20531
28,100,300,12,5,104,16505,869,13611,103,17668,687,18300
28,100,300,16,5,104,16505,869,13611,89,24078,548,19286
29,100,300,4,5,64,15047,519,17284,1425,469853,1948,461866
29,100,300,8,5,64,15047,519,17284,67,18655,616,24036
29,100,300,12,5,64,15047,519,17284,69,21621,512,19315
29,100,300,16,5,64,15047,519,17284,48,17572,545,19297
30,100,300,4,4,54,9946,415,8273,33,7167,392,7894
30,100,300,8,4,54,9946,415,8273,69,15604,551,17283
30,100,300,12,4,54,9946,415,8273,49,21314,700,21203
30,100,300,16,4,54,9946,415,8273,53,18801,393,15655
31,100,300,4,3,21,4535,395,2217,26,4780,347,6206
31,100,300,8,3,21,4535,395,2217,67,28191,524,18169
31,100,300,12,3,21,4535,395,2217,60,18473,467,17395
31,100,300,16,3,21,4535,395,2217,99,17766,544,19280
32,100,300,4,4,42,9211,481,8977,29,7845,480,7271
32,100,300,8,4,42,9211,481,8977,47,15510,412,21803
32,100,300,12,4,42,9211,481,8977,73,17093,411,15196
32,100,300,16,4,42,9211,481,8977,61,18772,420,17836
33,100,300,4,5,149,12773,377,11455,905,340885,1367,358667
33,100,300,8,5,149,12773,377,11455,44,18032,748,16564
33,100,300,12,5,149,12773,377,11455,74,13936,690,16572
33,100,300,16,5,149,12773,377,11455,85,15352,489,13984
34,100,300,4,2,14,2184,961,1437,28,7533,491,7173
34,100,300,8,2,14,2184,961,1437,47,16874,477,16394
34,100,300,12,2,14,2184,961,1437,91,15928,687,15186
34,100,300,16,2,14,2184,961,1437,63,16595,417,15771
35,100,300,4,-1,180,22291,727,16214,2133,539226,1784,542105
35,100,300,8,-1,180,22291,727,16214,4333,1389331,3763,1365787
35,100,300,12,-1,180,22291,727,16214,3607,1423347,5090,1401580
35,100,300,16,-1,180,22291,727,16214,4226,1306008,3297,1275352
36,100,300,4,5,139,17399,548,13056,1103,443926,1461,366552
36,100,300,8,5,139,17399,548,13056,116,21987,389,16877
36,100,300,12,5,139,17399,548,13056,109,17263,424,18930
36,100,300,16,5,139,17399,548,13056,90,18322,655,19304
37,100,300,4,4,101,12593,444,13558,51,9168,655,29060
37,100,300,8,4,101,12593,444,13558,119,18823,361,15861
37,100,300,12,4,101,12593,444,13558,92,17925,389,15217
37,100,300,16,4,101,12593,444,13558,91,16858,671,17084
38,100,300,4,0,42,3,396,724,4,631,355,670
38,100,300,8,0,42,3,396,724,3,577,263,752
38,100,300,12,0,42,3,396,724,3,719,406,651
38,100,300,16,0,42,3,396,724,2,658,216,716
39,100,300,4,5,86,8779,493,7284,691,261109,1291,248154
39,100,300,8,5,86,8779,493,7284,51,14757,504,20847
39,100,300,12,5,86,8779,493,7284,63,17088,418,14185
39,100,300,16,5,86,8779,493,7284,81,15165,485,15860
0,100,350,4,4,178,12998,3290,6895,306,8611,1057,5346
0,100,350,8,4,178,12998,3290,6895,422,23634,1688,22943
0,100,350,12,4,178,12998,3290,6895,439,21253,1219,19501
0,100,350,16,4,178,12998,3290,6895,314,22054,1024,33102
1,100,350,4,3,76,8360,1187,3454,222,8948,877,8282
1,100,350,8,3,76,8360,1187,3454,328,22019,728,19629
1,100,350,12,3,76,8360,1187,3454,344,24607,1126,22914
1,100,350,16,3,76,8360,1187,3454,311,25521,847,19204
2,100,350,4,4,79,10320,818,5905,75,5984,1123,6351
2,100,350,8,4,79,10320,818,5905,262,21979,1133,20624
2,100,350,12,4,79,10320,818,5905,261,22497,962,20278
2,100,350,16,4,79,10320,818,5905,289,25449,755,17245
3,100,350,4,-1,361,36384,990,21104,5443,811376,2681,651929
3,100,350,8,-1,361,36384,990,21104,8059,1476314,4978,1392560
3,100,350,12,-1,361,36384,990,21104,6607,1396601,4365,1445651
3,100,350,16,-1,361,36384,990,21104,7518,1476514,4268,1430818
4,100,350,4,0,22,2,849,261,164,13846,749,11834
4,100,350,8,0,22,2,849,261,56,17655,649,17995
4,100,350,12,0,22,2,849,261,123,16244,626,17054
4,100,350,16,0,22,2,849,261,73,18385,757,17160
5,100,350,4,1,36,694,625,1020,82,9307,690,13572
5,100,350,8,1,36,694,625,1020,130,19857,891,21315
5,100,350,12,1,36,694,625,1020,100,38159,767,15606
5,100,350,16,1,36,694,625,1020,109,16299,511,17603
6,100,350,4,2,27,1386,520,1433,181,6349,472,4812
6,100,350,8,2,27,1386,520,1433,93,16906,910,19130
6,100,350,12,2,27,1386,520,1433,97,21960,1149,23877
6,100,350,16,2,27,1386,520,1433,59,18385,588,19117
7,100,350,4,4,118,14004,705,13920,36,9767,600,9867
7,100,350,8,4,118,14004,705,13920,64,24903,550,18871
7,100,350,12,4,118,14004,705,13920,81,16897,578,14645
7,100,350,16,4,118,14004,705,13920,71,17880,1113,23553
8,100,350,4,5,146,16943,637,10937,1297,442169,1581,411255
8,100,350,8,5,146,16943,637,10937,89,14291,422,19830
8,100,350,12,5,146,16943,637,10937,75,14068,469,22371
8,100,350,16,5,146,16943,637,10937,72,15872,561,18568
9,100,350,4,3,15,2650,605,3716,28,4801,984,6826
9,100,350,8,3,15,2650,605,3716,107,18420,444,18237
9,100,350,12,3,15,2650,605,3716,98,16093,498,18136
9,100,350,16,3,15,2650,605,3716,124,19925,653,17083
10,100,350,4,5,235,13001,602,10121,1115,356355,1721,342188
10,100,350,8,5,235,13001,602,10121,89,15601,556,15786
10,100,350,12,5,235,13001,602,10121,58,24005,626,17462
10,100,350,16,5,235,13001,602,10121,57,15918,485,19369
11,100,350,4,4,59,13033,804,9609,45,9956,685,8476
11,100,350,8,4,59,13033,804,9609,74,15536,686,16980
11,100,350,12,4,59,13033,804,9609,77,18907,463,17556
11,100,350,16,4,59,13033,804,9609,62,17872,495,15866
12,100,350,4,-1,12,689,505,295,5,835,689,583
12,100,350,8,-1,12,689,505,295,6,655,489,616
12,100,350,12,-1,12,689,505,295,5,357,458,575
12,100,350,16,-1,12,689,505,295,5,656,343,741
13,100,350,4,4,43,12889,534,10305,37,7369,457,9883
13,100,350,8,4,43,12889,534,10305,84,21705,423,18257
13,100,350,12,4,43,12889,534,10305,408,22388,467,19463
13,100,350,16,4,43,12889,534,10305,95,19692,544,18122
14,100,350,4,4,54,17343,722,8366,57,8405,671,10566
14,100,350,8,4,54,17343,722,8366,78,22223,767,16368
14,100,350,12,4,54,17343,722,8366,85,19157,476,20111
14,100,350,16,4,54,17343,722,8366,77,37711,608,17154
15,100,350,4,5,141,20447,694,14810,1820,550338,2675,551145
15,100,350,8,5,141,20447,694,14810,111,21980,439,14499
15,100,350,12,5,141,20447,694,14810,87,21100,579,16490
15,100,350,16,5,141,20447,694,14810,74,18788,538,19412
16,100,350,4,3,16,1906,521,2689,27,5684,395,5935
16,100,350,8,3,16,1906,521,2689,69,21246,495,17323
16,100,350,12,3,16,1906,521,2689,95,21064,611,26225
16,100,350,16,3,16,1906,521,2689,68,21666,598,20049
17,100,350,4,2,26,3152,755,2899,56,12343,694,10718
17,100,350,8,2,26,3152,755,2899,66,17592,685,20498
17,100,350,12,2,26,3152,755,2899,78,17152,469,18292
17,100,350,16,2,26,3152,755,2899,93,17662,588,21928
18,100,350,4,3,25,4572,692,4776,32,5177,369,7330
18,100,350,8,3,25,4572,692,4776,113,19989,466,18782
18,100,350,12,3,25,4572,692,4776,93,17265,504,14253
18,100,350,16,3,25,4572,692,4776,82,16005,679,19862
19,100,350,4,4,32,6416,419,5709,21,4097,485,4113
19,100,350,8,4,32,6416,419,5709,87,22016,626,14112
19,100,350,12,4,32,6416,419,5709,72,20545,536,17066
19,100,350,16,4,32,6416,419,5709,91,15093,570,17691
20,100,350,4,4,53,10830,605,27642,38,8924,611,13966
20,100,350,8,4,53,10830,605,27642,84,18780,524,20158
20,100,350,12,4,53,10830,605,27642,81,21173,492,19585
20,100,350,16,4,53,10830,605,27642,73,16835,624,19306
21,100,350,4,1,7,742,571,885,53,11791,525,10816
21,100,350,8,1,7,742,571,885,75,19537,626,16418
21,100,350,12,1,7,742,571,885,89,17778,520,16786
21,100,350,16,1,7,742,571,885,71,20654,487,15164
22,100,350,4,4,44,9759,484,12936,37,7850,589,7295
22,100,350,8,4,44,9759,484,12936,95,14968,598,21690
22,100,350,12,4,44,9759,484,12936,103,18250,574,18406
22,100,350,16,4,44,9759,484,12936,113,15506,498,18154
23,100,350,4,5,116,20835,560,17599,2307,638789,2077,620148
23,100,350,8,5,116,20835,560,17599,151,18962,509,35593
23,100,350,12,5,116,20835,560,17599,72,20635,639,20704
23,100,350,16,5,116,20835,560,17599,66,20980,479,18490
24,100,350,4,4,125,12367,498,11399,36,11989,512,12209
24,100,350,8,4,125,12367,498,11399,95,20407,529,16229
24,100,350,12,4,125,12367,498,11399,74,20125,557,20004
24,100,350,16,4,125,12367,498,11399,63,18195,703,17962
25,100,350,4,6,125,18765,663,18290,1156,375171,1602,376520
25,100,350,8,6,125,18765,663,18290,83,18478,497,15721
25,100,350,12,6,125,18765,663,18290,73,20139,556,18220
25,100,350,16,6,125,18765,663,18290,73,16813,561,16173
26,100,350,4,5,128,20139,493,13772,1634,546172,2043,565092
26,100,350,8,5,128,20139,493,13772,81,17222,720,20772
26,100,350,12,5,128,20139,493,13772,63,16752,730,18194
26,100,350,16,5,128,20139,493,13772,63,23529,751,21321
27,100,350,4,5,125,19572,661,17025,1246,485905,1881,476313
27,100,350,8,5,125,19572,661,17025,54,23075,566,17114
27,100,350,12,5,125,19572,661,17025,67,15698,483,19477
27,100,350,16,5,125,19572,661,17025,69,15270,499,18484
28,100,350,4,3,16,2678,477,1733,20,4928,476,7250
28,100,350,8,3,16,2678,477,1733,95,20363,672,16645
28,100,350,12,3,16,2678,477,1733,78,14201,635,18033
28,100,350,16,3,16,2678,477,1733,63,15002,619,24315
29,100,350,4,-1,7,436,758,1320,4,535,348,711
29,100,350,8,-1,7,436,758,1320,2,566,439,680
29,100,350,12,-1,7,436,758,1320,3,303,453,736
29,100,350,16,-1,7,436,758,1320,3,347,538,751
30,100,350,4,4,104,10217,611,8797,31,8710,400,7358
30,100,350,8,4,104,10217,611,8797,66,16710,406,18852
30,100,350,12,4,104,10217,611,8797,70,15445,501,19829
30,100,350,16,4,104,10217,611,8797,88,17504,614,23214
31,100,350,4,5,65,15646,454,10018,997,362278,1703,390346
31,100,350,8,5,65,15646,454,10018,91,19058,525,17075
31,100,350,12,5,65,15646,454,10018,102,22465,655,17949
31,100,350,16,5,65,15646,454,10018,51,16351,487,18963
32,100,350,4,5,107,16541,598,19510,1544,537711,2146,527379
32,100,350,8,5,107,16541,598,19510,53,19917,848,18480
32,100,350,12,5,107,16541,598,19510,117,20606,597,15973
32,100,350,16,5,107,16541,598,19510,66,15659,469,18458
33,100,350,4,4,106,15363,540,10987,40,14161,706,15183
33,100,350,8,4,106,15363,540,10987,48,33852,753,15186
33,100,350,12,4,106,15363,540,10987,68,15701,525,18181
33,100,350,16,4,106,15363,540,10987,59,18476,448,17795
34,100,350,4,-1,8,373,335,575,3,552,299,388
34,100,350,8,-1,8,373,335,575,2,681,427,508
34,100,350,12,-1,8,373,335,575,3,558,368,623
34,100,350,16,-1,8,373,335,575,3,393,390,736
35,100,350,4,4,65,10893,468,7063,30,7351,537,8632
35,100,350,8,4,65,10893,468,7063,94,15580,592,21351
35,100,350,12,4,65,10893,468,7063,70,17636,521,15343
35,100,350,16,4,65,10893,468,7063,68,15005,555,16965
36,100,350,4,4,127,14838,499,9634,76,9225,603,8573
36,100,350,8,4,127,14838,499,9634,52,18247,521,15925
36,100,350,12,4,127,14838,499,9634,69,20189,537,17278
36,100,350,16,4,127,14838,499,9634,102,14950,600,20061
37,100,350,4,5,121,23232,686,18905,1763,596339,2080,602277
37,100,350,8,5,121,23232,686,18905,99,17754,500,20602
37,100,350,12,5,121,23232,686,18905,68,17830,517,22270
37,100,350,16,5,121,23232,686,18905,74,23496,781,21195
38,100,350,4,3,30,5769,429,6906,39,10560,552,9048
38,100,350,8,3,30,5769,429,6906,50,14840,651,19633
38,100,350,12,3,30,5769,429,6906,72,20897,761,15747
38,100,350,16,3,30,5769,429,6906,65,15025,445,15736
39,100,350,4,4,42,8473,726,7511,43,6782,495,8899
39,100,350,8,4,42,8473,726,7511,69,16619,582,41082
39,100,350,12,4,42,8473,726,7511,54,19597,957,18430
39,100,350,16,4,42,8473,726,7511,54,17189,588,17797
0,100,400,4,5,587,39454,2861,13532,10095,922666,3319,727230
0,100,400,8,5,587,39454,2861,13532,280,18777,1170,15843
0,100,400,12,5,587,39454,2861,13532,750,16709,1095,21486
0,100,400,16,5,587,39454,2861,13532,243,19425,872,17706
1,100,400,4,3,82,9790,771,9006,131,14838,1038,15470
1,100,400,8,3,82,9790,771,9006,160,25015,1091,22592
1,100,400,12,3,82,9790,771,9006,820,21680,840,21220
1,100,400,16,3,82,9790,771,9006,198,23600,929,20348
2,100,400,4,4,111,12680,808,7398,93,8387,734,11168
2,100,400,8,4,111,12680,808,7398,348,21045,906,18068
2,100,400,12,4,111,12680,808,7398,233,19221,842,19679
2,100,400,16,4,111,12680,808,7398,195,21339,1066,18039
3,100,400,4,6,289,30308,635,20317,10009,836680,2839,749050
3,100,400,8,6,289,30308,635,20317,186,21601,819,19192
3,100,400,12,6,289,30308,635,20317,114,18169,572,21793
3,100,400,16,6,289,30308,635,20317,229,17938,685,21202
4,100,400,4,1,23,755,1053,1121,115,9892,888,11236
4,100,400,8,1,23,755,1053,1121,174,16926,696,18535
4,100,400,12,1,23,755,1053,1121,132,18222,746,18727
4,100,400,16,1,23,755,1053,1121,171,16954,565,18657
5,100,400,4,3,74,8123,670,7154,66,10295,964,14981
5,100,400,8,3,74,8123,670,7154,132,25174,672,24617
5,100,400,12,3,74,8123,670,7154,222,23104,828,22420
5,100,400,16,3,74,8123,670,7154,108,19095,541,19888
6,100,400,4,-1,303,26071,595,17633,4321,913355,3389,823735
6,100,400,8,-1,303,26071,595,17633,7268,1671634,6219,1660646
6,100,400,12,-1,303,26071,595,17633,6648,1711189,4563,1581915
6,100,400,16,-1,303,26071,595,17633,5605,1591083,4663,1461769
7,100,400,4,3,75,6190,675,6774,62,9173,759,10391
7,100,400,8,3,75,6190,675,6774,95,15092,914,17526
7,100,400,12,3,75,6190,675,6774,73,16212,575,16426
7,100,400,16,3,75,6190,675,6774,87,15943,633,18168
8,100,400,4,-1,148,32245,629,22901,2784,858251,3521,844257
8,100,400,8,-1,148,32245,629,22901,4236,1478320,4163,1468324
8,100,400,12,-1,148,32245,629,22901,4781,1443812,4320,1414018
8,100,400,16,-1,148,32245,629,22901,5576,1461388,4232,1421692
9,100,400,4,2,19,2712,393,2311,40,13120,597,13069
9,100,400,8,2,19,2712,393,2311,70,18966,500,15959
9,100,400,12,2,19,2712,393,2311,58,21814,675,13169
9,100,400,16,2,19,2712,393,2311,65,18624,586,16031
10,100,400,4,3,33,4554,613,5071,47,8780,658,7608
10,100,400,8,3,33,4554,613,5071,80,15108,655,15941
10,100,400,12,3,33,4554,613,5071,80,18799,691,19176
10,100,400,16,3,33,4554,613,5071,79,19497,1057,38832
11,100,400,4,-1,7,487,704,988,8,796,706,1001
11,100,400,8,-1,7,487,704,988,3,744,638,1022
11,100,400,12,-1,7,487,704,988,4,594,461,1051
11,100,400,16,-1,7,487,704,988,17,842,483,790
12,100,400,4,3,22,5767,507,5332,36,7795,514,8149
12,100,400,8,3,22,5767,507,5332,73,15737,619,17681
12,100,400,12,3,22,5767,507,5332,81,15864,555,17832
12,100,400,16,3,22,5767,507,5332,93,18755,494,15955
13,100,400,4,1,8,668,520,910,35,10170,699,9903
13,100,400,8,1,8,668,520,910,77,18062,528,16116
13,100,400,12,1,8,668,520,910,57,16317,507,19757
13,100,400,16,1,8,668,520,910,96,14741,530,15738
14,100,400,4,4,82,16864,523,10171,40,11173,609,10838
14,100,400,8,4,82,16864,523,10171,72,15791,672,17488
14,100,400,12,4,82,16864,523,10171,71,14686,657,17118
14,100,400,16,4,82,16864,523,10171,66,16484,857,15124
15,100,400,4,3,39,4340,478,4463,34,9101,652,8429
15,100,400,8,3,39,4340,478,4463,82,16383,697,14924
15,100,400,12,3,39,4340,478,4463,85,17183,606,15470
15,100,400,16,3,39,4340,478,4463,70,15721,653,15913
16,100,400,4,3,35,2137,468,1193,19,3528,650,6156
16,100,400,8,3,35,2137,468,1193,80,18796,581,17461
16,100,400,12,3,35,2137,468,1193,78,18511,712,19779
16,100,400,16,3,35,2137,468,1193,69,20116,728,16232
17,100,400,4,4,62,15965,687,14156,38,10575,565,9994
17,100,400,8,4,62,15965,687,14156,56,20990,1317,16593
17,100,400,12,4,62,15965,687,14156,106,17407,794,16054
17,100,400,16,4,62,15965,687,14156,87,16030,579,16332
18,100,400,4,4,79,18791,567,13232,55,14560,566,12974
18,100,400,8,4,79,18791,567,13232,85,18364,702,17223
18,100,400,12,4,79,18791,567,13232,112,16932,621,20718
18,100,400,16,4,79,18791,567,13232,70,17991,664,16593
19,100,400,4,-1,6,373,500,726,3,603,415,373
19,100,400,8,-1,6,373,500,726,3,755,370,513
19,100,400,12,-1,6,373,500,726,672,611,365,508
19,100,400,16,-1,6,373,500,726,3,649,386,563
20,100,400,4,6,113,20281,497,14641,2606,618380,2452,638424
20,100,400,8,6,113,20281,497,14641,92,16793,697,18792
20,100,400,12,6,113,20281,497,14641,100,19029,506,19535
20,100,400,16,6,113,20281,497,14641,66,20372,689,17966
21,100,400,4,3,56,4325,545,3369,44,7576,535,6971
21,100,400,8,3,56,4325,545,3369,52,16111,629,15738
21,100,400,12,3,56,4325,545,3369,68,15475,652,17514
21,100,400,16,3,56,4325,545,3369,81,15175,616,16689
22,100,400,4,4,75,9372,512,6570,29,4982,472,7183
22,100,400,8,4,75,9372,512,6570,93,17986,456,14380
22,100,400,12,4,75,9372,512,6570,86,16910,735,17147
22,100,400,16,4,75,9372,512,6570,93,15612,590,16007
23,100,400,4,-1,120,23518,708,19203,2383,820570,3712,771882
23,100,400,8,-1,120,23518,708,19203,4211,1410619,4333,1511190
23,100,400,12,-1,120,23518,708,19203,4729,1638540,5827,1501538
23,100,400,16,-1,120,23518,708,19203,4053,1549764,4433,1485607
24,100,400,4,2,20,2174,537,2720,60,10069,438,11142
24,100,400,8,2,20,2174,537,2720,73,17337,561,19981
24,100,400,12,2,20,2174,537,2720,77,19106,793,18601
24,100,400,16,2,20,2174,537,2720,60,18991,658,19195
25,100,400,4,4,116,12383,566,9759,67,9244,531,9985
25,100,400,8,4,116,12383,566,9759,76,30216,803,18276
25,100,400,12,4,116,12383,566,9759,63,18203,586,22260
25,100,400,16,4,116,12383,566,9759,75,18664,528,18467
26,100,400,4,3,63,6054,423,4520,43,10383,400,10029
26,100,400,8,3,63,6054,423,4520,86,15543,505,16532
26,100,400,12,3,63,6054,423,4520,71,16749,469,16672
26,100,400,16,3,63,6054,423,4520,103,18632,481,15998
27,100,400,4,1,24,668,581,359,30,6010,498,6976
27,100,400,8,1,24,668,581,359,63,15683,424,16583
27,100,400,12,1,24,668,581,359,89,19792,498,21025
27,100,400,16,1,24,668,581,359,102,17038,467,17019
28,100,400,4,4,43,9648,516,6691,32,7760,439,6822
28,100,400,8,4,43,9648,516,6691,71,17602,397,16570
28,100,400,12,4,43,9648,516,6691,80,17472,404,15636
28,100,400,16,4,43,9648,516,6691,55,14484,493,17470
29,100,400,4,3,43,4976,479,6081,40,11241,517,11349
29,100,400,8,3,43,4976,479,6081,54,15729,464,16200
29,100,400,12,3,43,4976,479,6081,69,17322,486,17567
29,100,400,16,3,43,4976,479,6081,85,15667,593,16308
30,100,400,4,3,37,8404,443,6735,60,11740,451,12958
30,100,400,8,3,37,8404,443,6735,70,15946,547,41498
30,100,400,12,3,37,8404,443,6735,57,15912,458,18325
30,100,400,16,3,37,8404,443,6735,70,16852,471,16735
31,100,400,4,3,25,5189,581,4820,31,5765,488,7055
31,100,400,8,3,25,5189,581,4820,69,17124,509,17807
31,100,400,12,3,25,5189,581,4820,76,16931,548,18663
31,100,400,16,3,25,5189,581,4820,71,15939,536,20754
32,100,400,4,4,72,11220,410,9515,39,8683,451,8747
32,100,400,8,4,72,11220,410,9515,71,16260,446,20348
32,100,400,12,4,72,11220,410,9515,68,19201,544,18124
32,100,400,16,4,72,11220,410,9515,64,17571,475,17522
33,100,400,4,0,4,1,838,372,43,7156,504,6336
33,100,400,8,0,4,1,838,372,69,16566,519,18125
33,100,400,12,0,4,1,838,372,70,16802,505,18099
33,100,400,16,0,4,1,838,372,90,15531,420,14941
34,100,400,4,1,8,587,427,383,40,8736,399,8796
34,100,400,8,1,8,587,427,383,56,14714,428,16357
34,100,400,12,1,8,587,427,383,70,21861,520,19505
34,100,400,16,1,8,587,427,383,86,18958,515,18642
35,100,400,4,1,9,519,461,793,53,11355,427,12863
35,100,400,8,1,9,519,461,793,71,14104,520,19069
35,100,400,12,1,9,519,461,793,73,14951,468,21851
35,100,400,16,1,9,519,461,793,108,17079,492,15172
36,100,400,4,3,55,8548,713,8981,58,15045,570,12990
36,100,400,8,3,55,8548,713,8981,78,18260,542,20598
36,100,400,12,3,55,8548,713,8981,83,18015,526,14829
36,100,400,16,3,55,8548,713,8981,71,15011,612,17942
37,100,400,4,4,52,10081,537,8179,35,7325,395,8506
37,100,400,8,4,52,10081,537,8179,80,19809,481,19984
37,100,400,12,4,52,10081,537,8179,84,18357,462,20387
37,100,400,16,4,52,10081,537,8179,70,15502,460,33390
38,100,400,4,2,27,2082,473,1661,49,8091,441,10336
38,100,400,8,2,27,2082,473,1661,73,24262,540,16254
38,100,400,12,2,27,2082,473,1661,73,16598,469,18249
38,100,400,16,2,27,2082,473,1661,64,16733,515,18242
39,100,400,4,2,14,1957,474,1492,63,9490,472,11542
39,100,400,8,2,14,1957,474,1492,61,19539,554,20046
39,100,400,12,2,14,1957,474,1492,77,19959,495,17287
39,100,400,16,2,14,1957,474,1492,67,18690,610,16627
0,100,450,4,4,103,8511,2845,4536,186,8420,1304,2868
0,100,450,8,4,103,8511,2845,4536,762,20735,968,22005
0,100,450,12,4,103,8511,2845,4536,396,22622,1112,19729
0,100,450,16,4,103,8511,2845,4536,354,19167,872,18433
1,100,450,4,4,235,21371,907,8704,128,10930,789,10296
1,100,450,8,4,235,21371,907,8704,466,21213,1231,21524
1,100,450,12,4,235,21371,907,8704,639,20876,910,25791
1,100,450,16,4,235,21371,907,8704,610,22739,1016,19180
2,100,450,4,3,55,6052,959,4819,82,7198,819,8307
2,100,450,8,3,55,6052,959,4819,257,24491,1179,21007
2,100,450,12,3,55,6052,959,4819,239,22702,819,28165
2,100,450,16,3,55,6052,959,4819,284,21343,1003,25440
3,100,450,4,3,56,8718,603,5920,153,10533,834,10925
3,100,450,8,3,56,8718,603,5920,351,19465,796,18539
3,100,450,12,3,56,8718,603,5920,247,30108,676,20732
3,100,450,16,3,56,8718,603,5920,360,21650,1078,22042
4,100,450,4,5,228,29892,796,16494,5779,978906,3378,810066
4,100,450,8,5,228,29892,796,16494,388,17402,762,21193
4,100,450,12,5,228,29892,796,16494,327,17357,832,20007
4,100,450,16,5,228,29892,796,16494,114,18253,809,19537
5,100,450,4,3,125,8717,681,6960,144,14139,793,18070
5,100,450,8,3,125,8717,681,6960,140,18198,717,20526
5,100,450,12,3,125,8717,681,6960,165,43188,605,15158
5,100,450,16,3,125,8717,681,6960,234,20618,970,20313
6,100,450,4,3,76,8744,1382,7607,84,14863,691,13530
6,100,450,8,3,76,8744,1382,7607,179,22304,1052,20125
6,100,450,12,3,76,8744,1382,7607,176,18016,606,20888
6,100,450,16,3,76,8744,1382,7607,132,18727,485,19835
7,100,450,4,2,17,1873,847,2156,50,5983,616,7883
7,100,450,8,2,17,1873,847,2156,166,17929,523,19837
7,100,450,12,2,17,1873,847,2156,145,17237,518,17137
7,100,450,16,2,17,1873,847,2156,162,19686,554,16547
8,100,450,4,4,136,15609,636,10417,66,10815,969,11249
8,100,450,8,4,136,15609,636,10417,125,17369,535,16009
8,100,450,12,4,136,15609,636,10417,317,16465,678,17162
8,100,450,16,4,136,15609,636,10417,170,18491,585,17163
9,100,450,4,3,112,9665,797,8566,78,11927,538,15225
9,100,450,8,3,112,9665,797,8566,144,17155,545,19391
9,100,450,12,3,112,9665,797,8566,164,20115,684,16197
9,100,450,16,3,112,9665,797,8566,193,21408,762,17755
10,100,450,4,2,38,2218,485,2348,72,16502,688,12907
10,100,450,8,2,38,2218,485,2348,186,17113,682,17498
10,100,450,12,2,38,2218,485,2348,113,18925,1006,16425
10,100,450,16,2,38,2218,485,2348,149,18679,693,16968
11,100,450,4,2,20,4165,566,3463,77,12539,727,14895
11,100,450,8,2,20,4165,566,3463,133,14968,540,15718
11,100,450,12,2,20,4165,566,3463,142,18375,677,18999
11,100,450,16,2,20,4165,566,3463,124,16207,525,15848
12,100,450,4,3,29,5727,549,4786,85,11774,519,11717
12,100,450,8,3,29,5727,549,4786,107,62394,623,17671
12,100,450,12,3,29,5727,549,4786,194,18204,551,14984
12,100,450,16,3,29,5727,549,4786,244,18168,546,16403
13,100,450,4,4,84,17278,474,10119,53,12639,572,10945
13,100,450,8,4,84,17278,474,10119,91,18330,478,16936
13,100,450,12,4,84,17278,474,10119,92,18472,611,18256
13,100,450,16,4,84,17278,474,10119,135,17025,638,16111
14,100,450,4,3,76,7572,483,9567,148,12919,536,13647
14,100,450,8,3,76,7572,483,9567,90,17177,439,17530
14,100,450,12,3,76,7572,483,9567,107,16222,422,17187
14,100,450,16,3,76,7572,483,9567,118,15485,564,18193
15,100,450,4,2,19,3668,552,1973,77,13564,510,13951
15,100,450,8,2,19,3668,552,1973,129,22985,547,19147
15,100,450,12,2,19,3668,552,1973,112,18259,555,20163
15,100,450,16,2,19,3668,552,1973,97,17969,722,18730
16,100,450,4,2,12,2282,564,1414,52,6599,520,7838
16,100,450,8,2,12,2282,564,1414,160,18421,581,18330
16,100,450,12,2,12,2282,564,1414,108,17285,638,20110
16,100,450,16,2,12,2282,564,1414,128,18334,620,17644
17,100,450,4,4,101,23192,663,12799,65,11481,496,17272
17,100,450,8,4,101,23192,663,12799,80,20400,707,17355
17,100,450,12,4,101,23192,663,12799,150,16829,683,17374
17,100,450,16,4,101,23192,663,12799,150,17333,677,18629
18,100,450,4,4,123,12875,571,10311,50,8820,611,11774
18,100,450,8,4,123,12875,571,10311,111,21211,617,16636
18,100,450,12,4,123,12875,571,10311,107,19274,741,24212
18,100,450,16,4,123,12875,571,10311,136,23130,508,40429
19,100,450,4,4,59,7841,570,5340,31,5366,464,4420
19,100,450,8,4,59,7841,570,5340,121,17890,713,17964
19,100,450,12,4,59,7841,570,5340,100,18358,649,15557
19,100,450,16,4,59,7841,570,5340,93,21168,700,17917
20,100,450,4,5,113,24060,726,17807,3132,845307,3044,865930
20,100,450,8,5,113,24060,726,17807,110,20260,757,21042
20,100,450,12,5,113,24060,726,17807,138,20957,539,16770
20,100,450,16,5,113,24060,726,17807,92,21645,633,17606
21,100,450,4,3,39,4558,389,2704,43,12008,517,9568
21,100,450,8,3,39,4558,389,2704,94,14584,407,18274
21,100,450,12,3,39,4558,389,2704,108,17805,452,16389
21,100,450,16,3,39,4558,389,2704,109,17853,533,18521
22,100,450,4,3,48,4668,457,4095,47,8147,432,11257
22,100,450,8,3,48,4668,457,4095,111,17960,419,15842
22,100,450,12,3,48,4668,457,4095,93,17192,461,20382
22,100,450,16,3,48,4668,457,4095,110,15249,627,17318
23,100,450,4,5,130,18997,464,15539,3332,870554,2913,824570
23,100,450,8,5,130,18997,464,15539,93,20403,762,20121
23,100,450,12,5,130,18997,464,15539,92,17865,485,21646
23,100,450,16,5,130,18997,464,15539,138,18598,978,16058
24,100,450,4,3,54,7787,644,6832,94,15584,707,15773
24,100,450,8,3,54,7787,644,6832,92,19133,875,17579
24,100,450,12,3,54,7787,644,6832,127,15710,634,17762
24,100,450,16,3,54,7787,644,6832,93,15919,586,18033
25,100,450,4,3,53,8294,573,8402,92,34646,736,18169
25,100,450,8,3,53,8294,573,8402,94,23923,634,19838
25,100,450,12,3,53,8294,573,8402,96,22664,600,17459
25,100,450,16,3,53,8294,573,8402,105,23724,685,16626
26,100,450,4,4,102,14746,542,12100,55,16357,594,14364
26,100,450,8,4,102,14746,542,12100,111,17970,511,15182
26,100,450,12,4,102,14746,542,12100,123,15337,462,15679
26,100,450,16,4,102,14746,542,12100,94,14912,631,15654
27,100,450,4,5,49,3453,468,3389,644,127127,911,112165
27,100,450,8,5,49,3453,468,3389,218,20268,499,17855
27,100,450,12,5,49,3453,468,3389,166,19254,578,16320
27,100,450,16,5,49,3453,468,3389,90,20860,540,16829
28,100,450,4,4,76,15681,513,9248,51,12575,874,14674
28,100,450,8,4,76,15681,513,9248,185,15108,550,17358
28,100,450,12,4,76,15681,513,9248,187,19029,537,18489
28,100,450,16,4,76,15681,513,9248,159,18974,769,15235
29,100,450,4,3,67,9438,468,6973,63,14948,613,13214
29,100,450,8,3,67,9438,468,6973,126,20021,723,17208
29,100,450,12,3,67,9438,468,6973,125,18364,916,22083
29,100,450,16,3,67,9438,468,6973,126,37926,551,17674
30,100,450,4,4,143,18749,570,12764,55,15531,484,14315
30,100,450,8,4,143,18749,570,12764,91,24440,562,16375
30,100,450,12,4,143,18749,570,12764,349,20163,669,16477
30,100,450,16,4,143,18749,570,12764,128,18919,421,17112
31,100,450,4,3,68,5704,580,4701,53,10050,716,13938
31,100,450,8,3,68,5704,580,4701,109,18956,858,17356
31,100,450,12,3,68,5704,580,4701,127,21442,481,17334
31,100,450,16,3,68,5704,580,4701,147,16126,418,17996
32,100,450,4,2,60,2606,528,2623,62,16218,528,15043
32,100,450,8,2,60,2606,528,2623,85,23090,634,18493
32,100,450,12,2,60,2606,528,2623,113,18860,650,19747
32,100,450,16,2,60,2606,528,2623,154,19026,626,18251
33,100,450,4,3,69,5626,590,5312,50,9943,496,11344
33,100,450,8,3,69,5626,590,5312,119,17166,589,19283
33,100,450,12,3,69,5626,590,5312,107,16983,549,19178
33,100,450,16,3,69,5626,590,5312,166,16206,429,16274
34,100,450,4,5,142,17936,548,13764,2142,801599,2814,786944
34,100,450,8,5,142,17936,548,13764,86,17038,561,16868
34,100,450,12,5,142,17936,548,13764,97,20636,682,16466
34,100,450,16,5,142,17936,548,13764,88,21297,679,23064
35,100,450,4,4,73,16860,572,11378,50,12713,555,13386
35,100,450,8,4,73,16860,572,11378,73,16613,426,17894
35,100,450,12,4,73,16860,572,11378,89,18033,469,18105
35,100,450,16,4,73,16860,572,11378,121,16574,505,19036
36,100,450,4,3,26,4284,427,3158,36,8335,711,10109
36,100,450,8,3,26,4284,427,3158,99,16166,515,16436
36,100,450,12,3,26,4284,427,3158,78,34157,470,17515
36,100,450,16,3,26,4284,427,3158,97,19503,734,16314
37,100,450,4,4,81,11024,436,7363,35,8658,392,14727
37,100,450,8,4,81,11024,436,7363,128,21131,470,16623
37,100,450,12,4,81,11024,436,7363,154,15846,565,17628
37,100,450,16,4,81,11024,436,7363,93,14983,612,15164
38,100,450,4,3,95,9576,649,10094,62,11904,559,17761
38,100,450,8,3,95,9576,649,10094,111,17895,709,15752
38,100,450,12,3,95,9576,649,10094,118,18668,572,16444
38,100,450,16,3,95,9576,649,10094,109,18391,538,15110
39,100,450,4,4,86,16394,511,10085,40,8423,522,9605
39,100,450,8,4,86,16394,511,10085,88,19930,532,17659
39,100,450,12,4,86,16394,511,10085,85,17145,446,18398
39,100,450,16,4,86,16394,511,10085,120,17552,395,19286
0,100,500,4,4,797,36632,3119,15268,729,15484,1685,13388
0,100,500,8,4,797,36632,3119,15268,678,23214,1699,23825
0,100,500,12,4,797,36632,3119,15268,524,23351,932,17569
0,100,500,16,4,797,36632,3119,15268,419,18998,925,23881
1,100,500,4,2,96,3163,740,1930,159,15049,848,15508
1,100,500,8,2,96,3163,740,1930,360,22479,666,21777
1,100,500,12,2,96,3163,740,1930,370,23356,992,20874
1,100,500,16,2,96,3163,740,1930,222,20619,795,20543
2,100,500,4,4,352,37744,827,19380,215,31324,792,18169
2,100,500,8,4,352,37744,827,19380,298,20063,874,17829
2,100,500,12,4,352,37744,827,19380,276,19852,862,22869
2,100,500,16,4,352,37744,827,19380,190,25619,778,24873
3,100,500,4,-1,217,38497,731,20816,8608,1205112,4018,1093372
3,100,500,8,-1,217,38497,731,20816,8042,1648881,6261,1621850
3,100,500,12,-1,217,38497,731,20816,7897,1661897,10935,1616785
3,100,500,16,-1,217,38497,731,20816,6429,1696589,5779,1533865
4,100,500,4,3,52,4286,760,4093,95,9285,478,10565
4,100,500,8,3,52,4286,760,4093,118,20332,580,19919
4,100,500,12,3,52,4286,760,4093,204,18460,770,15443
4,100,500,16,3,52,4286,760,4093,116,18515,699,17622
5,100,500,4,3,44,9994,571,8314,92,14551,791,13317
5,100,500,8,3,44,9994,571,8314,105,17289,753,16303
5,100,500,12,3,44,9994,571,8314,127,17568,783,16734
5,100,500,16,3,44,9994,571,8314,141,20775,671,18474
6,100,500,4,3,54,5238,566,5442,58,11473,539,10199
6,100,500,8,3,54,5238,566,5442,108,18384,590,16304
6,100,500,12,3,54,5238,566,5442,101,17556,836,24322
6,100,500,16,3,54,5238,566,5442,97,17240,554,18196
7,100,500,4,1,8,709,782,1210,68,17358,679,14656
7,100,500,8,1,8,709,782,1210,116,23287,598,15855
7,100,500,12,1,8,709,782,1210,123,38784,620,15658
7,100,500,16,1,8,709,782,1210,183,14706,518,17986
8,100,500,4,5,191,23252,620,18423,3441,1011935,3762,978496
8,100,500,8,5,191,23252,620,18423,86,21258,512,17449
8,100,500,12,5,191,23252,620,18423,202,17214,656,20434
8,100,500,16,5,191,23252,620,18423,93,19453,541,17327
9,100,500,4,3,53,8099,600,5932,54,18865,680,17888
9,100,500,8,3,53,8099,600,5932,100,20038,812,16876
9,100,500,12,3,53,8099,600,5932,120,39015,579,16472
9,100,500,16,3,53,8099,600,5932,118,15932,579,17195
10,100,500,4,3,100,9659,718,9805,78,18006,517,15418
10,100,500,8,3,100,9659,718,9805,101,17861,605,21486
10,100,500,12,3,100,9659,718,9805,114,19860,448,17583
10,100,500,16,3,100,9659,718,9805,72,18094,762,20079
11,100,500,4,4,79,14142,614,19473,50,12351,539,12889
11,100,500,8,4,79,14142,614,19473,154,17601,636,16913
11,100,500,12,4,79,14142,614,19473,91,15564,745,18296
11,100,500,16,4,79,14142,614,19473,100,15293,563,18049
12,100,500,4,4,71,10415,478,11902,44,8302,464,9108
12,100,500,8,4,71,10415,478,11902,86,15733,581,16842
12,100,500,12,4,71,10415,478,11902,98,16547,560,15454
12,100,500,16,4,71,10415,478,11902,87,15522,522,15787
13,100,500,4,3,75,8757,645,8466,60,15074,515,15532
13,100,500,8,3,75,8757,645,8466,86,17865,514,17695
13,100,500,12,3,75,8757,645,8466,100,18465,536,17546
13,100,500,16,3,75,8757,645,8466,109,16398,687,18639
14,100,500,4,4,87,10424,530,8353,43,9756,520,11221
14,100,500,8,4,87,10424,530,8353,159,16481,528,17852
14,100,500,12,4,87,10424,530,8353,106,21400,689,24322
14,100,500,16,4,87,10424,530,8353,93,19913,785,24917
15,100,500,4,4,165,26872,700,22351,94,41471,530,17263
15,100,500,8,4,165,26872,700,22351,75,23405,618,21859
15,100,500,12,4,165,26872,700,22351,81,19862,492,16950
15,100,500,16,4,165,26872,700,22351,180,23009,662,20476
16,100,500,4,2,17,3902,518,2570,56,16529,592,18648
16,100,500,8,2,17,3902,518,2570,173,27472,709,27445
16,100,500,12,2,17,3902,518,2570,100,24049,513,22480
16,100,500,16,2,17,3902,518,2570,72,19012,530,20871
17,100,500,4,0,3,2,626,350,60,14966,542,17496
17,100,500,8,0,3,2,626,350,85,22428,796,19640
17,100,500,12,0,3,2,626,350,73,18493,517,26607
17,100,500,16,0,3,2,626,350,75,22286,616,21465
18,100,500,4,2,31,3252,423,3346,214,15332,800,19472
18,100,500,8,2,31,3252,423,3346,145,28635,722,23897
18,100,500,12,2,31,3252,423,3346,112,25309,799,20215
18,100,500,16,2,31,3252,423,3346,125,16728,601,25980
19,100,500,4,4,154,26384,1049,21976,92,18513,458,18113
19,100,500,8,4,154,26384,1049,21976,84,24530,747,26165
19,100,500,12,4,154,26384,1049,21976,84,27212,660,22694
19,100,500,16,4,154,26384,1049,21976,81,24269,684,26595
20,100,500,4,4,101,17947,701,14604,75,13073,586,13481
20,100,500,8,4,101,17947,701,14604,96,20626,697,24276
20,100,500,12,4,101,17947,701,14604,89,18763,677,38451
20,100,500,16,4,101,17947,701,14604,357,19847,775,21937
21,100,500,4,1,12,505,632,679,49,16304,471,15586
21,100,500,8,1,12,505,632,679,196,19174,509,17440
21,100,500,12,1,12,505,632,679,80,23989,734,25890
21,100,500,16,1,12,505,632,679,82,23948,671,22307
22,100,500,4,2,52,2078,608,2374,81,16180,622,17540
22,100,500,8,2,52,2078,608,2374,89,22480,720,24232
22,100,500,12,2,52,2078,608,2374,94,20755,514,16794
22,100,500,16,2,52,2078,608,2374,81,16108,472,15863
23,100,500,4,2,30,1722,402,1762,37,8976,416,8060
23,100,500,8,2,30,1722,402,1762,64,18889,946,22999
23,100,500,12,2,30,1722,402,1762,71,24738,676,20471
23,100,500,16,2,30,1722,402,1762,94,20645,646,20538
24,100,500,4,4,79,24215,611,14790,57,14382,517,13914
24,100,500,8,4,79,24215,611,14790,78,15262,444,18057
24,100,500,12,4,79,24215,611,14790,84,19164,1015,27052
24,100,500,16,4,79,24215,611,14790,134,21748,626,23593
25,100,500,4,3,41,8659,581,6239,58,16470,584,17804
25,100,500,8,3,41,8659,581,6239,91,24027,922,19278
25,100,500,12,3,41,8659,581,6239,96,16192,473,17853
25,100,500,16,3,41,8659,581,6239,67,16423,547,18272
26,100,500,4,4,113,18731,530,16245,56,14180,734,15962
26,100,500,8,4,113,18731,530,16245,100,22769,925,26428
26,100,500,12,4,113,18731,530,16245,80,26635,759,23176
26,100,500,16,4,113,18731,530,16245,114,25249,519,23134
27,100,500,4,1,8,619,8424,11797,95,17188,525,16631
27,100,500,8,1,8,619,8424,11797,63,17543,716,21103
27,100,500,12,1,8,619,8424,11797,136,23593,504,20012
27,100,500,16,1,8,619,8424,11797,83,19174,473,16739
28,100,500,4,3,70,6518,453,5229,43,15704,793,15841
28,100,500,8,3,70,6518,453,5229,75,22917,700,25798
28,100,500,12,3,70,6518,453,5229,130,23154,628,20658
28,100,500,16,3,70,6518,453,5229,71,24892,773,20697
29,100,500,4,3,52,7340,435,6212,98,14733,743,16181
29,100,500,8,3,52,7340,435,6212,78,20137,543,17819
29,100,500,12,3,52,7340,435,6212,98,16633,451,17877
29,100,500,16,3,52,7340,435,6212,111,20746,639,17122
30,100,500,4,3,92,11044,665,8310,56,18580,566,20081
30,100,500,8,3,92,11044,665,8310,79,19389,600,21437
30,100,500,12,3,92,11044,665,8310,80,23300,884,26568
30,100,500,16,3,92,11044,665,8310,110,22086,868,29838
31,100,500,4,5,118,22691,629,16880,4280,1002347,4264,972908
31,100,500,8,5,118,22691,629,16880,74,27598,732,16917
31,100,500,12,5,118,22691,629,16880,144,20780,625,16361
31,100,500,16,5,118,22691,629,16880,66,16998,598,19354
32,100,500,4,4,101,18076,792,17906,62,12502,581,14401
32,100,500,8,4,101,18076,792,17906,78,19229,591,19927
32,100,500,12,4,101,18076,792,17906,113,20161,503,14361
32,100,500,16,4,101,18076,792,17906,83,20360,728,15647
33,100,500,4,3,44,5035,391,4504,42,12436,540,10680
33,100,500,8,3,44,5035,391,4504,110,17148,776,19502
33,100,500,12,3,44,5035,391,4504,85,16013,657,15563
33,100,500,16,3,44,5035,391,4504,78,19059,513,16094
34,100,500,4,2,23,2831,506,2773,83,13886,750,16380
34,100,500,8,2,23,2831,506,2773,124,17588,629,25505
34,100,500,12,2,23,2831,506,2773,114,21427,526,16747
34,100,500,16,2,23,2831,506,2773,85,20600,694,19526
35,100,500,4,4,99,15990,509,13836,72,14290,663,12281
35,100,500,8,4,99,15990,509,13836,91,16759,644,17991
35,100,500,12,4,99,15990,509,13836,93,18864,607,20190
35,100,500,16,4,99,15990,509,13836,127,18096,472,16749
36,100,500,4,4,94,14529,502,12180,44,12232,464,13486
36,100,500,8,4,94,14529,502,12180,124,21608,570,18181
36,100,500,12,4,94,14529,502,12180,96,17924,613,18737
36,100,500,16,4,94,14529,502,12180,111,16477,867,19412
37,100,500,4,6,158,23885,653,19384,2734,909881,3364,932060
37,100,500,8,6,158,23885,653,19384,97,17882,513,21085
37,100,500,12,6,158,23885,653,19384,85,22754,862,21779
37,100,500,16,6,158,23885,653,19384,88,18341,1078,18636
38,100,500,4,3,89,6867,410,6126,49,17298,687,11069
38,100,500,8,3,89,6867,410,6126,68,16669,561,14043
38,100,500,12,3,89,6867,410,6126,104,19406,639,16874
38,100,500,16,3,89,6867,410,6126,116,17164,713,16637
39,100,500,4,3,52,6493,486,5681,63,16422,467,10822
39,100,500,8,3,52,6493,486,5681,101,15285,581,20858
39,100,500,12,3,52,6493,486,5681,80,18603,494,15487
39,100,500,16,3,52,6493,486,5681,888,16055,478,16217
